date,line_id,items,model,destination,assign_no,detail
2024.08.14 วันพุธ ,T,เบิก บอร์ดจอ 800H 1ตัวครับ (รุ่นสายไฟเส้นเล็ก) เบิก จอ LCD (เผื่อ ไม่ใช่คืนครับ) ,CM800H,,2083241331,08:41 T Tee 13/08/2024 (2083241331) Makro บางพลี CM-800H//32006034 ปุ่มแบทกดไม่ได้ โทร.0800784685 คุณกัลยา เบิก บอร์ดจอ 800H 1ตัวครับ (รุ่นสายไฟเส้นเล็ก) เบิก จอ LCD (เผื่อ ไม่ใช่คืนครับ)  
2024.08.14 วันพุธ ,Tayan,เบิกมอเตอร์ปั๊ม 1 ตัว ส่ง ลงบ้านโป่งครับ ,CM800H,ลงบ้านโป่งครับ 14/8/67 ,1086241402,09:03 Tayan Kbank 14/8/24 1086241402  : 0474CH - ศูนย์เงินสด ถนนเพชรเกษม นครปฐม  : : เครื่องปั่นเงิน ยี่ห้อ Cashmate. Serail No. 31711048 อาการ : ไม่สามารถปั่นเงินได้ เบิกมอเตอร์ปั๊ม 1 ตัว ส่ง ลงบ้านโป่งครับ 14/8/67  
2024.08.14 วันพุธ ,tOn’,,,,,09:04 tOn’ ยกเลิกข้อความ  
2024.08.14 วันพุธ ,tOn’,เบิกบอร์ดfront 1แผ่น ถ้าไม่มี เบิกเครื่องแทน 1เครื่อง ส่งรถตู้ ลงระยองครับ ,NTV,ลงระยองครับ ,1086241401,09:07 tOn’ Kbank 14/8/24 1086241401  : 0140 - ระยอง  : แจ้งซ่อมเครื่องโรยเงิน ฝั่งแคชเชียร์ หน้าจอไม่แสดงผล PD8762 เบิกบอร์ดfront 1แผ่น ถ้าไม่มี เบิกเครื่องแทน 1เครื่อง ส่งรถตู้ ลงระยองครับ  
2024.08.14 วันพุธ ,noptana:-),เบิกแกนเลื่อนธนบัตร ขวา2อันครับ ขอเลขซ่อมกสิกรไทย สาขาบิ๊กซีบางใหญ่เครื่อง kisan newton v snN15a01-pd9152 แกนเลื่อนตัวกันธนบัตรหัก (1077243005) ,NTV,,1077243005 sn?,09:15 noptana:-) เบิกแกนเลื่อนธนบัตร ขวา2อันครับ ขอเลขซ่อมกสิกรไทย สาขาบิ๊กซีบางใหญ่เครื่อง kisan newton v snN15a01-pd9152 แกนเลื่อนตัวกันธนบัตรหัก (1077243005)  
2024.08.14 วันพุธ ,noptana:-),เบิกสายเชื่อมต่อ1เส้น ,,,1083240608 sn?,09:20 noptana:-) เบิกสายเชื่อมต่อ1เส้น 6/08/2024 (1083240608) กสิกร สาขาราชวัตร ระบบงาน BarcodeReader อาการ สายเชื่อมต่อชำรุด ช่อง9 พนักงาน : ภิชนก นวลศรี Tel. : 0854860608 INCS000000484558 *ปิดงานก่อน 2024-08-07 10.50*  
2024.08.14 วันพุธ ,noptana:-),,,,,09:21 noptana:-) @manoch  
2024.08.14 วันพุธ ,nattapon,เบิก ถาดรีเจค 1 อัน ส่ง ลงแพร่ค้าบ ,K2,ลงแพร่ค้าบ ,1083240703,09:44 nattapon 7/08/2024 (1083240703) KTB เขลางค์นคร K2//N17B01-T08224 นับตกรีเจค โทร.087-5441294 คุณสุนันทา เบิก ถาดรีเจค 1 อัน ส่ง ลงแพร่ค้าบ  
2024.08.14 วันพุธ ,อ้วน,เบิก power 1 อัน*** ,JB-3008F+,,1087241403,09:57 อ้วน ขอเลขที่ซ่อม Scbรามคำแหง 2 เครื่อง jb3008f+ หน้าจอค้างlogo เจอตอน ma (1087241403) @อ้วน *** เบิก power 1 อัน***  
2024.08.14 วันพุธ ,อ้วน,,,,,09:58 อ้วน รูป  
2024.08.14 วันพุธ ,อ้วน,,,ส่ง อีก 1 ชุด ,,10:04 อ้วน เพิ่มหน้ายางรับ+ ส่ง อีก 1 ชุด  
2024.08.14 วันพุธ ,Piroon,เบิก หน้าจอหลัก 1 อัน ,NTV,ฝากพี่ แหม่มครับ ,1086241404,10:05 Piroon Kbank 14/8/24 1086241404  : 0050 - เซียงกง  : เครื่องนับธนบัตรเล็ก (โรยเงิน)ค้าง เวลาปั่นเงินเเล้วเครื่องดีเรย์ NEWTON+V N14J08-PD4035 เบิก หน้าจอหลัก 1 อัน ฝากพี่ แหม่มครับ  
2024.08.14 วันพุธ ,AKARAPONG.,เบิก ชุดลูกกลิ้ง ส่งกระดาษ ตามรูปครับ ,PASSBOOK,ฝากริน ,1083241327,11:38 AKARAPONG. AK. 13/08/2024 (1083241327) กสิกร สาขาฟิวเจอร์ พาร์ค รังสิต 2 ระบบงาน passbook // RHS-T12-117474 อาการ ไม่ดึงกระดาษ ช่อง2 พนักงาน วรรษพล ธีรธำรงภูมิ เบอร์ติดต่อ : 0854861786 INCS000000489749 *ปิดงานก่อน 2024-08-14 11.30* เบิก ชุดลูกกลิ้ง ส่งกระดาษ ตามรูปครับ ฝากริน  
2024.08.14 วันพุธ ,AKARAPONG.,,,,,11:38 AKARAPONG. AK. รูป  
2024.08.14 วันพุธ ,AKARAPONG.,,,,,11:40 AKARAPONG. AK. เพิ่ม ไมระบาร์ 1 แผ่นครับ  
2024.08.14 วันพุธ ,AKARAPONG.,,,,,11:46 AKARAPONG. AK. เพิ่ม Sensor ตลับหมึก 1 ชิ้นครับ  
2024.08.14 วันพุธ ,AKARAPONG.,,,,,11:46 AKARAPONG. AK. รูป  
2024.08.14 วันพุธ ,nattapon,เบิก ตัวกั้นรีเจคพร้อมสปริง 1 คู่ รอนสัน 1 กระป๋อง โซนิค 1 ส่ง ลงแพร่ค้าบ ,NT3,ลงแพร่ค้าบ ,1086241412,11:58 nattapon (ขอเลขแจ้งซ่อม)14/8/24 SCB น่าน โทร.054711341-2 คุณธนภัทร NEWTON 3/ N19H01-B09742 อาการ ตัวกั้นรีเจคหัก 14/8/24 1086241412 เบิก ตัวกั้นรีเจคพร้อมสปริง 1 คู่ รอนสัน 1 กระป๋อง โซนิค 1 ส่ง ลงแพร่ค้าบ  
2024.08.14 วันพุธ ,Piroon,เบิก NTA บอร์ด MG +หลอด MG 3อัน ,,ฝากพี่ กุ้งครับ ,2086241342,12:03 Piroon Kbank 13/8/24 2086241342  : 0091 - สี่แยกราชวงศ์  : ปัญหา : เครื่องนับธนบัตร ตกช่อง rej ขอด่วน A00249 เบิก NTA บอร์ด MG +หลอด MG 3อัน ฝากพี่ กุ้งครับ  
2024.08.14 วันพุธ ,อุทาน,เบิกอะไหล่ พรุ่งนี้จะโทรแจ้งสาขาให้รับทราบอีกครั้ง) **เบิดชุดยางลูกกลื้งจำนวน12ลูก(เอาเฉพราะยางไม่เอาแกน) ส่ง ลงกำแพงเพชรครับ** ,NTV,ลงกำแพงเพชรครับ** ,2086241344,12:11 อุทาน Kbank 13/8/67 2086241344 ---รายละเอียดเอกสาร---  : 0240 - ตาก  : ปัญหา : เครื่องนับธนบัตรเสียงดัง เหมือนอะไรหลุดค่ะ ผู้นำทีม (Task Manager): ทีมงานสาขา-งานซ่อมสาขา(ภาค06) ph5987 **เข้า16/08/67เวลา08.30 น (รอ เบิกอะไหล่ พรุ่งนี้จะโทรแจ้งสาขาให้รับทราบอีกครั้ง) **เบิดชุดยางลูกกลื้งจำนวน12ลูก(เอาเฉพราะยางไม่เอาแกน) ส่ง ลงกำแพงเพชรครับ**  
2024.08.14 วันพุธ ,อุทาน,,,,,12:11 อุทาน รูป  
2024.08.14 วันพุธ ,REE©H,เบิกบอร์ดอ่านบัตร 1อัน ส่งเคอรี่ครับ ,,ส่งเคอรี่ครับ ,2083241338,12:45 REE©H K 13/08/2024 (2083241338) กสิกร สาขาเดอะพาซิโอ กาญจนาภิเษก ระบบงาน smartcard reader อาการ ไม่อ่านบัตรประชาชน ช่อง2 พนักงาน นิสาชล ขาวเครือ Tel : 063-148-8897 094-957-2679 INCS000000490335 *ปิดงานก่อน 2024-08-14 13.00* เบิกบอร์ดอ่านบัตร 1อัน ส่งเคอรี่ครับ  
2024.08.14 วันพุธ ,Pakorn,เบิก บอร์ด1 ,SC206,,2083241342,13:03 Pakorn 13/08/2024 (2083241342) กสิกร สาขาถนนศรีสุริยวงศ์ ราชบุรี ระบบงาน MagneticStripe // 2026063183 อาการ ไม่อ่านข้อมูล พนักงาน ศุภวรรณ กำพล Tel.091-7714762 INCS000000490428 *ปิดงานก่อน 2024-08-14 14.50* เบิก บอร์ด1  
2024.08.14 วันพุธ ,Gapp,เบิกจอแยก+สาย ส่งรถทัวร์ ลงอยุธยาครับ ,NT3,ลงอยุธยาครับ ,2082241403,13:05 Gapp 14/8/2024 (2082241403) SCB สาขา หนองแค (สระบุรี) NEWTON3 SN N20F01-B25975 อาการ หน้าจอไม่ติด **แจ้งผ่านทางช่าง** เบิกจอแยก+สาย ส่งรถทัวร์ ลงอยุธยาครับ @manoch มีเอกสารที่พี่โบแอดมินด้วยนะครับ  
2024.08.14 วันพุธ ,Dome,เบิกเครื่องแทน ,S6 Lite,ฝากพี่อ้นครับ ,2087241412,13:05 Dome 14/8/2024 (2087241412) TTB ถนนทัพพระยา พัทยา S6 Lite / R52TC0229ML User แจ้งเครื่อง Tablet ชาร์จแบตไม่เข้า หน้าจอจะกระพริบขึ้นมาแล้วดับไป โทร.085-4879792  083-6696426 Jareerat Sae-aiaw INC0287388 *รบกวนช่างแจ้งวันเข้าสาขามาที่แผนก Admin ทันทีนะคะ ว่าจะเข้าดำเนินการภายในวันไหน เพื่อทำการ ส่ง Mail ตอบกลับสำนักงานใหญ่* *ปิดงานภายในวันที่ 16/8/67* เบิกเครื่องแทน ฝากพี่อ้นครับ @PB  
2024.08.14 วันพุธ ,Pakorn,เบิก เครื่อง1เครื่อง ,SCR,ส่ง Mail ตอบกลับสำนักงานใหญ่* *ปิดงานภายในวันที่ 15/8/67* นำเครื่องกลับมาซ่อม9/8/67 เบิก เครื่อง1เครื่อง ,2087240913,13:16 Pakorn 9/8/2024 (2087240913) TTB เพชรบุรี (ถนนสุรินทรฦาชัย) SCR-3310 / 384012621 เครื่องไม่อ่านบัตรประชาชน เสียบบัตรแล้วไฟไม่ขึ้น โทร.0854879948 Phunchita Dittawong INC0287082 *รบกวนช่างแจ้งวันเข้าสาขามาที่แผนก Admin ทันทีนะคะ ว่าจะเข้าดำเนินการภายในวันไหน เพื่อทำการ ส่ง Mail ตอบกลับสำนักงานใหญ่* *ปิดงานภายในวันที่ 15/8/67* นำเครื่องกลับมาซ่อม9/8/67 เบิก เครื่อง1เครื่อง  
2024.08.14 วันพุธ ,Pakorn,เบิก สายจอแยก2เส้น ,NT3,,1083241317,13:22 Pakorn 13/08/2024 (1083241317) SCB ถนนศรีสุริยวงศ์ (ราชบุรี) NEWTON 3//N20F01-B25745 นับตกรีเจค โทร.032-325594 คุณอุษณีพร เบิก สายจอแยก2เส้น  
2024.08.14 วันพุธ ,THERDSAK.W.,เบิก. Encoder 1 ,,,1086241408,13:23 THERDSAK.W. Kbank 14/8/24 1086241408  : 0031 - บางขุนเทียน  : ปัญหา : เครื่องนับธนบัตรติดขัดใช้งานไม่ได้ จำนวน 3 เครื่อง 88130544+18091042+88131403 15/8/67 เบิก. Encoder 1  
2024.08.14 วันพุธ ,THERDSAK.W.,,,,,13:23 THERDSAK.W. รูป  
2024.08.14 วันพุธ ,ประวัติ,เบิกถ่านกระดุม 1 ก้อน ,NT3,ฝากป้าแดงวันนี้ครับ ,2087241415,13:37 ประวัติ ขอรหัสซ่อม SCB ตลาดมีนบุรี เครื่อง nt-3 S/N. B09667 ต้องตั้งวันที่ทุกวัน. พบตอน MA (2087241415) @ประวัติ เบิกถ่านกระดุม 1 ก้อน ฝากป้าแดงวันนี้ครับ  
2024.08.14 วันพุธ ,สุเมธี,เบิก Card Reader 1ตัว ลงโคราชครับ ,SCR,ลงโคราชครับ ,2087241416,13:44 สุเมธี สังข์สีแก้ว 14/8/2024 (2087241416) TTB โลตัส โคราช 2 SCR-3310 / 384019465 Card Reader ไม่อ่านบัตรประชาชน โทร.082-9692249 Chiranan Chatanulak INC0287493 *รบกวนช่างแจ้งวันเข้าสาขามาที่แผนก Admin ทันทีนะคะ ว่าจะเข้าดำเนินการภายในวันไหน เพื่อทำการ ส่ง Mail ตอบกลับสำนักงานใหญ่* *ปิดงานภายในวันที่ 16/8/67* เบิก Card Reader 1ตัว ลงโคราชครับ  
2024.08.14 วันพุธ ,AKARAPONG.,"เบิก BOARD PATH , BOARD DRIVER , REJECT SENSOR ตามรูป ",NTV,ฝากรินคับ ,1086241316,14:00 AKARAPONG. AK. kbank 13/8/24 1086241316  : 0484 - ตลาดไท  : ปัญหา : เครื่องนับธนบัตรเล็ก (โรยเงิน) นับไม่ได้ ค้าง PG5209 นัด User 14/8/67 ครับ เบิก BOARD PATH   BOARD DRIVER   REJECT SENSOR ตามรูป ฝากรินคับ  
2024.08.14 วันพุธ ,AKARAPONG.,,,,,14:00 AKARAPONG. AK. รูป  
2024.08.14 วันพุธ ,AKARAPONG.,,,,,14:01 AKARAPONG. AK. รูป  
2024.08.14 วันพุธ ,PB,,,,,14:03 PB ยกเลิกข้อความ  
2024.08.14 วันพุธ ,tadchakit,เบิก การ์ดลีดเดอร์ 1 ตัว ,SCR,ฝากแหม่มครับ ,2087241414,14:08 tadchakit 14/8/2024 (2087241414) TTB บางรัก SCR-3310 / 53312203235524 Card Reader ไม่อ่านบัตรประชาชน โทร.089-4843425 Montri Muenphothong INC0287490 *รบกวนช่างแจ้งวันเข้าสาขามาที่แผนก Admin ทันทีนะคะ ว่าจะเข้าดำเนินการภายในวันไหน เพื่อทำการ ส่ง Mail ตอบกลับสำนักงานใหญ่* *ปิดงานภายในวันที่ 16/8/67* เบิก การ์ดลีดเดอร์ 1 ตัว ฝากแหม่มครับ  
2024.08.14 วันพุธ ,max,เบิกตัวอ่านจำนวน 1 (เคาน์เตอร์เซ็ต ) ลงนครศรีธรรมราชครับ ,CM800H,ลงนครศรีธรรมราชครับ ,2086241414,14:27 max (เด็กใต้นิ) Kbank *14/8/24 2086241414*  : 0326CH - ศูนย์เงินสด ตลาดหัวอิฐ นครศรีธรรมราช  : : เครื่องปั่นทอน ธนบัตร อุปกรณ์และอาการ : ขอช่างเครื่องปั่นทอน ธนบัตร ปั่นไม่ครบ 100 31711027 CM800H เบิกตัวอ่านจำนวน 1 (เคาน์เตอร์เซ็ต ) ลงนครศรีธรรมราชครับ  
2024.08.14 วันพุธ ,max,เบิกไม้ระบา 1สำรอง1 ลงนครศรีธรรมราชครับ ,PASSBOOK,ลงนครศรีธรรมราชครับ ,2083241416,14:28 max (เด็กใต้นิ) 14/08/2024 (2083241416) กสิกร สาขา : สหไทยพลาซ่า ทุ่งสง ระบบงาน passbook // RHS-T12-130151 อาการ ปริ้นเอียง พนักงาน : กชสร จิตติศักดิ์ Tel. : 0808765816 INCS000000491455 *ปิดงานก่อน 2024-08-15 13:50* เบิกไม้ระบา 1สำรอง1 ลงนครศรีธรรมราชครับ  
2024.08.14 วันพุธ ,คุณชาย,เบิกชุดบอร์ดควบคุมพร้อมหม้อแป ลง ลงเชียงใหม่  [เสนอราคา ไม่ต้องตัด],KUPPU,ลงเชียงใหม่ ,208A241302,14:30 คุณชาย 5⃣6⃣ 13/08/2024 (208A241302) Non-Bank คุณธนเดช ผดุงศิลป์ KUPPU K303-04066 ไฟ้ไม่เข้า 082-2659987 ร้านเดอะวันเบเกอรี่ ต.ดอยหล่อ อ.ดอยหล่อ จ.เชียงใหม่ 50160 *เครื่องนอกสัญญา มีค่าใช้จ่ายในการซ่อม* *รบกวนแจ้งวันที่เข้าซ่อมให้ด้วยค่ะ* *ขอด่วนที่สุด* เบิกชุดบอร์ดควบคุมพร้อมหม้อแป ลง ลงเชียงใหม่  
2024.08.14 วันพุธ ,Piroon,เบิก NTA เซนเซอร์ MG 3 อัน ,NTA,ฝาก พี่กุ้งครับ ,1083240908,14:37 Piroon 9/08/2024 (1083240908) KTB ศาลาว่าการกรุงเทพมหานคร NEWTON A//N18H02-A00400 อาการไม่นับ โทร.092-6262414 คุณสุนีกานต์ เบิก NTA เซนเซอร์ MG 3 อัน ฝาก พี่กุ้งครับ  
2024.08.14 วันพุธ ,PB,,,,,14:39 PB 510-20-20933 @กิ๊กจ้า  
2024.08.14 วันพุธ ,กิ๊กจ้า,,,,,14:41 กิ๊กจ้า สติกเกอร์  
2024.08.14 วันพุธ ,PB,,,,,14:46 PB 384016953 @กิ๊กจ้า  
2024.08.14 วันพุธ ,Piroon,เบิกเพิ่ม สายแพรMG 3 เส้นครับ ,,,,14:55 Piroon เบิกเพิ่ม สายแพรMG 3 เส้นครับ  
2024.08.14 วันพุธ ,หลุยส์,เบิกเครื่องใหม่ รับเองครับ ,Card Reader,รับเองครับ ,2083241343,15:36 หลุยส์ 13/08/2024 (2083241343) กสิกร สาขาสี่แยกบางนา ระบบงาน Smart Card Reader // RR512-011663 อาการ ไม่อ่านบัตรประชาชน ช่อง2 พนักงาน : ศุภาพิชญ์ อบเชย Tel. : 0836005434 INCS000000490572 *ปิดงานก่อน 2024-08-14 15.30* รอเปลี่ยนเครื่องใหม่นัดลูกค้าพรุ่งนี้ครับ 14/8/67 เบิกเครื่องใหม่ รับเองครับ  
2024.08.14 วันพุธ ,หลุยส์,เบิกสายจอหลักครับ  [เสนอราคา ไม่ต้องตัด],JB-3008F+,,1087240806,15:41 หลุยส์ ขอเลขงานซ่อมscb เทพารักษ์ เครื่องcm800h S/n C1610022 หนูกัดสายจอหลัก jb3008f+ S/n 16111025 ลูกยางเสื่อม จอตอน MA (1087240806) @หลุยส์ Cm800h - เสนอเปลี่ยนสายจอหลัก Jb 3008f+- ซ่อมเรียบร้อย 8/8/67 *อนุมัติซ่อมครับ* 14/8/2024 @หลุยส์ เบิกสายจอหลักครับ  
2024.08.14 วันพุธ ,Peet,เบิกเพิ่ม เฟืองชุดขับด้านบน (ตามรูป) ,,,,15:44 Peet เบิกเพิ่ม เฟืองชุดขับด้านบน (ตามรูป)  
2024.08.14 วันพุธ ,Peet,,,,,15:44 Peet รูป  
2024.08.14 วันพุธ ,หลุยส์,เบิก สวิงซิ่งเซลล์ รับเองครับ ,NTV,รับเองครับ ,1086241403,15:44 หลุยส์ Kbank 14/8/24 1086241403  : 0863 - อิมพีเรียลเวิลด์ สำโรง  : ปัญหา : เครื่องนับเงินไม่ดูดเงิน ไม่โรยธนบัตร ธนบัตรติดเครื่องตลอด ไม่นับเงิน เปิดปิดหลายครั้งก็ไม่ได้ PD1330 ตืดต่อไม่ได้เข้าวันนี้ครับ เบิก สวิงซิ่งเซลล์ รับเองครับ  
2024.08.14 วันพุธ ,Ripp,เบิกสายซีเรียล ,PASSBOOK,ฝากพี่แหม่มครับ ,2083241412,17:47 Ripp 14/08/2024 (2083241412) กสิกร โลตัส กระทุ่มแบน ระบบงาน passbook // RHS-T12-118121 อาการ ไม่ปริ้นรายการ พนักงาน : สุทธิมาภรณ์ หนองเหล็ก Tel. : 0928653711 INCS000000491386 *ปิดงานก่อน 2024-08-15 13:00* เบิกสายซีเรียล ฝากพี่แหม่มครับ  
2024.08.15 วันพฤหัสบดี ,sutta,เบิกสายไฟจอแยกเพิ่ม 1 เส้นครับ ,NTV,,1086241317,08:39 sutta Kbank 13/8/24 1086241317  : 0003 - สุขุมวิท 33 (บางกะปิ)  : ปัญหา : เครื่องนับจำนวนธนบัตร เสีย หน้าจอไม่ติด ช่องบริการที่ 4 N17J01-PH4519 เข้าพรุ่งนี้ครับ User รับทราบ ซ่อมเรียบร้อยครับ มีแจ้งเพิ่ม14/8/67 เพิ่ม เบิกสายไฟจอแยกเพิ่ม 1 เส้นครับ  
2024.08.15 วันพฤหัสบดี ,sutta,,,,,08:39 sutta รูป  
2024.08.15 วันพฤหัสบดี ,ประวัติ,เบิกโซลินอยด์ 1 ตัว ,AKEBONO,ฝากเกะครับ ,2083241422,09:09 ประวัติ 14/08/2024 (2083241422) SCB ตลาดมีนบุรี AKEBONO//04059203 ไม่ดึงสายรัด โทร.089-9035149 คุณอภิรดี เบิกโซลินอยด์ 1 ตัว ฝากเกะครับ  
2024.08.15 วันพฤหัสบดี ,ประวัติ,,,,,09:09 ประวัติ รูป  
2024.08.15 วันพฤหัสบดี ,Tayan,,,,,09:29 Tayan รูป  
2024.08.15 วันพฤหัสบดี ,Tayan,,,,,09:29 Tayan ยกเลิกข้อความ  
2024.08.15 วันพฤหัสบดี ,Tayan,เบิก ยางรับ ส่ง พร้อมแกน jb3008 - เบิกหน้าจอแสดงผลหลักตามรูป ส่ง ลงบ้านโป่งครับ ,JB3008F,ลงบ้านโป่งครับ 15/8/67 ,1086241501,09:30 Tayan Kbank 15/8/24 1086241501  : 0368 - ห้วยพลู  : แจ้งซ่อมเครื่องโรยเงิน ช่องบริการที่ ใช้งานไม่ได้ ลูกยางเสื่อม 88130890 JB3008 แจ้งเพิ่ม CM-800H 31711035 แจ้งซ่อมเครื่องปั่นเงิน หน้าจอแสดงผลเป็นลายเส้น - เบิก ยางรับ ส่ง พร้อมแกน jb3008 - เบิกหน้าจอแสดงผลหลักตามรูป ส่ง ลงบ้านโป่งครับ 15/8/67  
2024.08.15 วันพฤหัสบดี ,สุเมธี,เบิก เมนบอร์ด1แผ่น ปั้มดูดน้ำ1 ชุด ฟิวส์ 5A 2ตัว ลงโคราชครับ ,KUPPU,ลงโคราชครับ ,1083241403,09:50 สุเมธี สังข์สีแก้ว 14/08/2024 (1083241403) Makro ปากช่อง KUPPU//K303-02023 นับไม่ ลง โทร.044-008498 คุณศศินัทดา เบิก เมนบอร์ด1แผ่น ปั้มดูดน้ำ1 ชุด ฟิวส์ 5A 2ตัว ลงโคราชครับ  
2024.08.15 วันพฤหัสบดี ,สุเมธี,,,,,09:50 สุเมธี สังข์สีแก้ว รูป  
2024.08.15 วันพฤหัสบดี ,สมเดช,เบิก .สายจอแยก1 แกนเลื่อนตัวกั้นธนบัตร1ชุด ลงพืษณุโลกครับ ,NTV,ลงพืษณุโลกครับ ,2086241323,10:38 สมเดช Kbank 13/8/24 2086241323  : 0294 - เซ็นทรัลพลาซา พิษณุโลก  : ปัญหา : เครื่องนับธนบัตรไม่โปรยเงืิน PD4424 ซ่อมเรียบร้อย. เบิก .สายจอแยก1 แกนเลื่อนตัวกั้นธนบัตร1ชุด ลงพืษณุโลกครับ  
2024.08.15 วันพฤหัสบดี ,สมเดช,,,,,10:39 สมเดช รูป  
2024.08.15 วันพฤหัสบดี ,คุณ.ทรงพล,เบิกที่กั้น reject 2 อัน ส่ง ลงยโสธรครับ ,NTV,ลงยโสธรครับ ,1086241510,11:03 คุณ.ทรงพล 15/9/67 ธนาคารกรุงไทยสาขาอุทุมพรพิสัย เครื่องนิวตันวี Sn.N15A01-PD5759 ที่กั้นรีเจคหัก (ขอเลขแจ้งซ่อมครับ) 15/8/24 1086241510 เบิกที่กั้น reject 2 อัน ส่ง ลงยโสธรครับ  
2024.08.15 วันพฤหัสบดี ,คุณ.ทรงพล,เบิกปุ่มรีเซ็ต 2 อัน(สำรอง 1) ส่ง ลงยโสธรครับ ,CM800H,ลงยโสธรครับ ,1087241501,11:04 คุณ.ทรงพล 15/8/2024 (1087241501) SCB บิ๊กซี ศรีสะเกษ CM-800H /C1620395 ปั่นติด+ปุ่มรีเซตหลุด โทร.0821410474 คุณกาญจนี เบิกปุ่มรีเซ็ต 2 อัน(สำรอง 1) ส่ง ลงยโสธรครับ  
2024.08.15 วันพฤหัสบดี ,nattapon,เบิก หน้าจอหลัก 1 อัน ส่ง ลงแพร่ค้าบ ,NTA,ลงแพร่ค้าบ ,2086241329,11:45 nattapon Kbank 13/8/24 2086241329  : 0114 - น่าน  : ปัญหา : เครื่องนับหน้าจอไม่ติด ไม่ขึ้นตัวเลข ช่องบริการที่ 5 Newton A A00233 เบิก หน้าจอหลัก 1 อัน ส่ง ลงแพร่ค้าบ  
2024.08.15 วันพฤหัสบดี ,<€Aee€>,เบิกตัวเลื่อนพร้อมตัวกั้นธนบัตรด้ายซ้าย 1 ชุด ส่ง ลงอุทัยธานี ,NTV,ลงอุทัยธานี ,2086241345,11:46 <€Aee€> Kbank 13/8/67 2086241345 ---รายละเอียดเอกสาร---  : 0278 - ตาคลี  : เครื่องโปรยเงินติด ช่องบริการที่ 2 ผู้นำทีม (Task Manager): ทีมงานสาขา-งานซ่อมสาขา(ภาค06) Newton+V เบิกตัวเลื่อนพร้อมตัวกั้นธนบัตรด้ายซ้าย 1 ชุด ส่ง ลงอุทัยธานี  
2024.08.15 วันพฤหัสบดี ,<€Aee€>,,,,,12:07 <€Aee€> รูป  
2024.08.15 วันพฤหัสบดี ,อ้วน,เบิกตัวชนธนบัตร 1 อัน*** ,,,2087241509,12:25 อ้วน ขอเลขที่ซ่อม Ttb เชันทรัล บางนา อาการ ตัวชนธนบัตรหัก เจอตอน ma (2087241509) @อ้วน *** เบิกตัวชนธนบัตร 1 อัน***  
2024.08.15 วันพฤหัสบดี ,อ้วน,,,,,12:25 อ้วน รูป  
2024.08.15 วันพฤหัสบดี ,Ripp,เบิกปุ่มรีเซทยางสีเหลือง ,CM800H,ฝากพี่แหม่มครับ ,1086241506,12:39 Ripp Kbank 15/8/24 1086241506  : 0315 - บ้านแพ้ว หลักสาม  : เครื่องปั่นเงิน: ปุ่ม กด ยากมาก 31809039 เบิกปุ่มรีเซทยางสีเหลือง ฝากพี่แหม่มครับ  
2024.08.15 วันพฤหัสบดี ,Tayan,เบิก เคาน์ เซ็นเซอร์ 1ชุด - เบิกรีเจค เซ็นเซอร์1ชุด ส่ง ลงบ้านโป่งครับ ,,ลงบ้านโป่งครับ 15/8/67 ,2088240808,13:09 Tayan 08/08/2024 (2088240808) KTB สาขาประจวบคีรีขันธ์ N22D02-T35110 ขึ้นจุดแดงตรง Sensor โทร 091-7716221 คุณเครือวัลย์ **ลูกค้าตามช่าง อยากให้ช่างช่วยเช็คให้ละเอียดหน่อย / หรือยกเครื่องกลับมาเช็คที่ ISC เพราะเสียบ่อยค่ะ - เบิก เคาน์ เซ็นเซอร์ 1ชุด - เบิกรีเจค เซ็นเซอร์1ชุด ส่ง ลงบ้านโป่งครับ 15/8/67  
2024.08.15 วันพฤหัสบดี ,KH,เบิกปุ่มรีเซ็ตเครื่อง cm800 ลงชุมพรครับ ,NTV,ลงชุมพรครับ ,2086241425,13:09 KH Kbank 14/8/24 2086241425  : 0232 - ระนอง  : ปัญหา : เครื่องนับธรบัตร ปุ่นรีเซ็ตหลุดสาขาระนอง 31906079 CM800H แจ้งเพ่ิม N14K10-PD5528 Newton V เครื่องโปรยธนบัตร โรยแบงค์50ไม่ได้ เบิกปุ่มรีเซ็ตเครื่อง cm800 ลงชุมพรครับ  
2024.08.15 วันพฤหัสบดี ,KH,,,,,13:09 KH รูป  
2024.08.15 วันพฤหัสบดี ,สมเดช,เบิก โอริง1 สายพานด้านข้าง1 สายจอแยก1 ลงพิษณุโลกครับ ,NTV,ลงพิษณุโลกครับ ,2084241002,13:10 สมเดช 10/8/67 2084241002  : 1102 - บิ๊กซี พิษณุโลก โทรศัพท์ที่ทำงาน: 0928232804 ---รายละเอียดของงาน--- ประเภทของงาน / ลักษณะงาน: U/เครื่องนับธนบัตรเล็ก (โรยเงิน)/S2/ชำรุด ไม่ทำงาน อุปกรณ์: CM-1102-01/CCM-01/000 รายละเอียดและ/หรือความต้องการอื่นๆ: ปัญหา : โปรยเงินแล้วเครื่องติด PH5991 ซ่อมเรียบร้อยแล้ว เบิก โอริง1 สายพานด้านข้าง1 สายจอแยก1 ลงพิษณุโลกครับ  
2024.08.15 วันพฤหัสบดี ,สมเดช,,,,,13:10 สมเดช รูป  
2024.08.15 วันพฤหัสบดี ,สมเดช,,,,,13:11 สมเดช รูป  
2024.08.15 วันพฤหัสบดี ,tam,เบิกถาดรีเจ็ค ส่ง ลงอุดรธานีครับ ,K2,ลงอุดรธานีครับ ,2085241013,13:17 tam 10/8/2024 (2085241013) Cpall ร้าน B03073 มุขมนตรี (NEU) ( FRANCHISE TYPE พนักงาน (B2) ) Priority : P48 Call Type : Q Ticket ID : 24081006018 7-11Area : NEU Created Time : 10/08/2024 16:31 ผู้แจ้ง : อัจฉราพร (ผช.ผจก.) Address : 2/22 ถ.สร้างหลวง สร้างหลวง ต. หมากแข้ง อ. เมืองอุดรธานี จ. อุดรธานี 41000 Telephone : 042-328-305 328-272 091-002-3073 0910023073 อุปกรณ์ : เครื่องนับธนบัตรแบบตั้งโต๊ะ(KISANรุ่นK2) หมายเลข Serial no. : N20D01-T27794 สถานะสัญญา : Category : CONSTRUCTION Sub-Categroy : อุปกรณ์ Product Type : เครื่องนับธนบัตร Problem Type : หัก Discription :ขาตั้ง หัก และหลุด SLA 12 ชั่วโมงติดต่อแก้ไขเบื้องต้นก่อนนะคะ ถ้าแก้ไขได้รบกวนแจ้งพนักงานร้านปิดงานเข้าระบบด้วยค่ะ โทรปิดงาน/Update งานเข้าระบบเพื่อรอเปลี่ยนอะไหล่ 028267711 กด 4 กด 1 และ กด1 อีกครั้งค่ะ สำคัญมาก การโทรอัพเดตงานเข้าระบบจึงสำคัญในการยืดเวลาก่อนหมด SLA เบิกถาดรีเจ็ค ส่ง ลงอุดรธานีครับ  
2024.08.15 วันพฤหัสบดี ,tam,,,,,13:17 tam รูป  
2024.08.15 วันพฤหัสบดี ,BOY,เบิกเพาเว่อร์ ลงอู่ทอง เบิกบอร์ด ลงอู่ทอง ,CM800H,ลงอู่ทอง ,2084240907,13:35 BOY 9/8/67 2084240907  : 0220 - สองพี่น้อง โทรศัพท์ที่ทำงาน: 085-4862942/088-6429598 ---รายละเอียดของงาน--- ประเภทของงาน / ลักษณะงาน: U/เครื่องนับธนบัตรใหญ่ (ปั่นเงิน)/S2/ชำรุด ไม่ทำงาน รายละเอียดและ/หรือความต้องการอื่นๆ: ปัญหา : เครื่องปั่นเงินตัวใหญ่เปิดใช้งานไม่ได้ สาเหตุมาจากเมื่อวานไฟที่สาขาดับ   ช่องบริการที่ 3 31809035 เบิกเพาเว่อร์ ลงอู่ทอง เบิกบอร์ด ลงอู่ทอง  
2024.08.15 วันพฤหัสบดี ,BOY,,,,,13:35 BOY รูป  
2024.08.15 วันพฤหัสบดี ,Dome,"เบิกมอเตอร์แสตกเกอร์,ฝาข้างซ้ายขวา ",NT3,ฝากพี่อ้นครับ ,2087241322,13:50 Dome 13/8/2024 (2087241322) SCB 0653 แหลมฉบัง NEWTON 3 / N20F01-B25902 ปั่นธนบัตรไม่ได้ ขึ้น Stack Error โทร.038-330116-7 0817108365 คุณสาวิตรี เสาธงหิน 175235843 *รับแจ้งจากสนญ.Scan QR Code ทุกครั้งหลังซ่อมเรียบร้อยแล้ว* *ปิดงานภายในวันที่ 15/8/67* เบิกมอเตอร์แสตกเกอร์ ฝาข้างซ้ายขวา ฝากพี่อ้นครับ  
2024.08.15 วันพฤหัสบดี ,Saranyu,,,,,14:02 Saranyu @Dome ฝาข้างเป็นอะไรครับ  
2024.08.15 วันพฤหัสบดี ,สุชิน,เบิกหัวเข็ม 1 ชุด ,PASSBOOK,ฝากพี่ลินครับ ,2083241419,14:15 สุชิน 14/08/2024 (2083241419) Kbank สำนักแจ้งวัฒนะ ชั้น 6 Compuprint//RHS-T12-119785 ปริ้นตัวหนังสือไมเต็ม โทร.081-4672887 คุณอครเดช เบิกหัวเข็ม 1 ชุด ฝากพี่ลินครับ  
2024.08.15 วันพฤหัสบดี ,Dome,,,,,14:38 Dome เกลียวรูด  
2024.08.15 วันพฤหัสบดี ,Ripp,เบิกสายพานเล็ก 2 เส้น ,AKEBONO,ฝากพี่แหม่มครับ ,2087241510,15:02 Ripp 15/8/2024 (2087241510) SCB 5412 โลตัส สมุทรสาคร SP-757 / 14030693 เครื่องไม่ตัดสายรัด โทร.034-866385-6 0922846035 คุณหยกทิพย์ แซ่โง้ว 175358277 *รับแจ้งจากสนญ.Scan QR Code ทุกครั้งหลังซ่อมเรียบร้อยแล้ว* *ปิดงานภายในวันที่ 17/8/67* เบิกสายพานเล็ก 2 เส้น ฝากพี่แหม่มครับ  
2024.08.15 วันพฤหัสบดี ,คุณ.ทรงพล,เบิกเซ็นเซอร์ 1 ตัว+บอร์ดคุมเซ็นเซอร์ 1 อัน ส่ง ลงยโสธรครับ ,CS610,ลงยโสธรครับ ,1081241501,15:14 คุณ.ทรงพล (1081241501) SCB ศรีสะเกษ CS-610S+Pro 11702023 ไม่นับเหรียญ / หน้าจอสีฟ้า โทร.090-2681879 คุณสุพัตรา Call *ปิดงานภายในวันที่ 16/8/2024* เบิกเซ็นเซอร์ 1 ตัว+บอร์ดคุมเซ็นเซอร์ 1 อัน ส่ง ลงยโสธรครับ  
2024.08.15 วันพฤหัสบดี ,THERDSAK.W.,เบิก. รอนสัน 1กป แปรงปัดฝุ่น 1 ,,ฝากแหม่มครับ ,,15:30 THERDSAK.W. เบิก. รอนสัน 1กป แปรงปัดฝุ่น 1 ฝากแหม่มครับ  
2024.08.15 วันพฤหัสบดี ,AKARAPONG.,เบิก ปั้มน้ำครับ ,KUPPU,ฝากริน ,2086241327,15:38 AKARAPONG. AK. 13/8/24 2086241327 Non-Bank ปทุมธานี ภาสกรณ์ 0979836354 K-303 K303-01009 ไม่ดูดน้ำ เบิก ปั้มน้ำครับ ฝากริน  
2024.08.15 วันพฤหัสบดี ,Praymanut,เบิก เมนบอด มอเตอร์ AC ,,ฝากพี่แหม่มครับ ,1073240904,15:46 Praymanut 9/07/2024 (1073240904) GSB จตุจักร JB-2000//00403 ไม่ปั่น โทร.086-0094707 เมล์.BM0047@Gsb.or.th คุณหนึ่ง *นอกสัญญา* เบิก เมนบอด มอเตอร์ AC ฝากพี่แหม่มครับ  
2024.08.15 วันพฤหัสบดี ,Praymanut,,,,,15:55 Praymanut รูป  
2024.08.15 วันพฤหัสบดี ,T,เบิกหูกั้น Reject ข้างซ้าย1 ตัวครับ ,NTV,,1086241407,15:58 T Tee Kbank 14/8/24 1086241407  : 0519 - ถนนเทพารักษ์ กม.16  : ปัญหา : เครื่องนับธนบัตรเล็ก (โรยเงิน) นับไม่ได้ค้าง NEWTON+V N15A01-PD8694 ซ่อมไม่สำเร็จ รอเปลี่ยนอะไหล่ หูกั้น Reject หัก เข้าอีก 16/8/67 15/8/67 เบิกหูกั้น Reject ข้างซ้าย1 ตัวครับ  
2024.08.15 วันพฤหัสบดี ,T,,,,,15:58 T Tee รูป  
2024.08.15 วันพฤหัสบดี ,สุชิน,เบิกแกนเลื่อนด้านซ้าย 1 อัน เบิกแกนเลื่อนด้านขวา 1 อัน ,NT3,ฝากพี่ลินครับ ,2083241519,16:08 สุชิน 15/08/2024 (2083241519) SCB ถนนสรงประภา (ดอนเมือง) NEWTON 3//N19H01-B09694 นับตกรีเจค + นับเกิน+ตัวกั้นธนบัตรหัก โทร.02-9283510 คุณประภัสสร เบิกแกนเลื่อนด้านซ้าย 1 อัน เบิกแกนเลื่อนด้านขวา 1 อัน ฝากพี่ลินครับ  
2024.08.15 วันพฤหัสบดี ,โค้ช..ISC,เบิกหลอดcis ลงสระแก้วครับ** ,K2,ลงสระแก้วครับ** ,1087241409,16:12 โค้ช..ISC 14/8/2024 (1087241409) CP ALL ตลาดประแสร์ (ระยอง) K2 /N20D01-T25062 ตกรีเจค โทร.0910010270 คุณพรรณภา ** เบิกหลอดcis ลงสระแก้วครับ**  
2024.08.15 วันพฤหัสบดี ,Saksit,เบิกลูกกลิ้งพร้อมแกนตามรูป1ชุด ,NTV,ฝากพี่ลินครับ ,2086241522,17:09 Saksit Chokoh Kbank 15/8/24 2086241522  : FX1887 - ท่าอากาศยานดอนเมือง 6  : เครื่องโปรย ไม่โปรยเงิน PH5118 นัดUserไม่เกินวันที่17/8/67ครับ เบิกลูกกลิ้งพร้อมแกนตามรูป1ชุด ฝากพี่ลินครับ  
2024.08.15 วันพฤหัสบดี ,Saksit,,,,,17:09 Saksit Chokoh รูป  
2024.08.16 วันศุกร์ ,sutta,,Card Reader,,2083241537,07:38 sutta 15/08/2024 (2083241537) กสิกร สาขาโรงพยาบาลกรุงเทพ ระบบงาน Smart Card Reader // RR512-013070 อาการ ไม่อ่านบัตรประชาชน พนักงาน : เรืองนภา ผะอบ Tel. : 0926261292 INCS000000492650 เบอร์เครื่องอ่านบัตร 1 ตัวครับ  
2024.08.16 วันศุกร์ ,BOY,เบิกถ่าน ลงอู่ทอง ,NT3,ลงอู่ทอง ,1087241601,08:40 BOY 16/8/2024 (1087241601) SCB สองพี่น้อง NEWTON 3 /N19I01-B14385 ตั้งวันที่ตลอด โทร.0971624956 คุณทักษอร เบิกถ่าน ลงอู่ทอง  
2024.08.16 วันศุกร์ ,<€Aee€>,เบิก micro switch main cover เครื่อง newtonF 2 ตัว ส่ง ลงอุทัยธานี ,NT3,ลงอุทัยธานี ,1082241601,09:02 <€Aee€> 16/8/2024 (1082241601) SCB สาขาสิงห์บุรี NEWTON3 // N19L10-PG3276 อาการเหมือนมีอะไหร่หลุด (ที่หน้าจอ) โทร. 0925495426 คุณมนัสชนก เบิก micro switch main cover เครื่อง newtonF 2 ตัว ส่ง ลงอุทัยธานี  
2024.08.16 วันศุกร์ ,T,เบิก แผ่น คาริเบต NT-3 1 NT-V ขาว 1 NT-A 1 K2 1 F+ 1 แป ลงปัดฝุ่น 2ด้ามครับ ,NT3,ลงปัดฝุ่น 2ด้ามครับ ,,09:05 T Tee เบิก แผ่น คาริเบต NT-3 1 NT-V ขาว 1 NT-A 1 K2 1 F+ 1 แป ลงปัดฝุ่น 2ด้ามครับ  
2024.08.16 วันศุกร์ ,aon,"เบิก sensor ตัวล่อหัวนับ,c2.5 สปริงเหลือง. ครับ ",,,1089241601,09:20 aon i am ขอรหัสซ่อม 16/8/67 ธกส.ฉะเชิงเทรา JB2000 // 00549 นับไม่ครบ แจ้งมาทางช่างครับ 1089241601 เบิก sensor ตัวล่อหัวนับ c2.5 สปริงเหลือง. ครับ  
2024.08.16 วันศุกร์ ,aon,,,,,09:20 aon i am รูป  
2024.08.16 วันศุกร์ ,BOY,เบิกเครื่อง ลงอู่ทอง ,,ลงอู่ทอง ,2083241525,09:51 BOY 15/08/2024 (2083241525) กสิกร พนักงาน : จุฑารัตน์ แสนสี รหัสพนักงาน : 652554 ฝ่ายงาน/สาขา : ถ.มาลัยแมน สุพรรณบุรี Tel. : 0854862960 อุปกรณ์ : เครื่องยิงบาร์โค๊ด อาการเสีย/Error message : ใช้งานไม่ได้ ไฟไม่ติด ช่อง9 INCS000000492475 เบิกเครื่อง ลงอู่ทอง  
2024.08.16 วันศุกร์ ,สุชิน,เบิกแปรงทำความสะอาด 1 อัน ,,ฝากพี่ลินครับ ,,10:00 สุชิน เบิกแปรงทำความสะอาด 1 อัน ฝากพี่ลินครับ  
2024.08.16 วันศุกร์ ,BOY,เบิกหัวเข็ม ลงอู่ทอง ,PASSBOOK,ลงอู่ทอง ,2083241540,10:02 BOY 15/8/2024 (2083241540) กสิกร สาขาโรบินสันสุพรรณบุรี ระบบงาน passbook // RHS-T12-133302 อาการ ไม่ปริ้นรายการ ช่อง5 พนักงาน พัชวาล หอมไหม เบอร์ติดต่อ : 0937090393 INCS000000492802 เบิกหัวเข็ม ลงอู่ทอง  
2024.08.16 วันศุกร์ ,KH,เบิกชุดลูกยาง 1 ชุดครับ ลงชุมพร ,N-132,ลงชุมพร ,1086241608,10:22 KH 16/8/24 1086241608 KTB หลังสวน ชุมพร ใต้ อารีญา 0961399965 N-132 0272911 ลูกยางเสื่อม เบิกชุดลูกยาง 1 ชุดครับ ลงชุมพร  
2024.08.16 วันศุกร์ ,Dome,"เบิกบอร์ด driver,path,รอนสัน,แปรง ส่งเคอรี่ ลงพัทยาครับ ",NTV,ลงพัทยาครับ ,2086241422,10:30 Dome Kbank 14/8/24 2086241422  : 0162 - สัตหีบ ชั้น: ไม่ระบุ ห้อง: ไม่ระบุ โทรศัพท์ที่ทำงาน: 0927581659 ชื่อผู้บันทึกเอกสาร: PENPAK KAEWKUN ---รายละเอียดของงาน--- ประเภทของงาน / ลักษณะงาน: U/เครื่องนับธนบัตรเล็ก (โรยเงิน)/S2/ชำรุด ไม่ทำงาน N14J08-PD4482 เบิกบอร์ด driver path รอนสัน แปรง ส่งเคอรี่ ลงพัทยาครับ  
2024.08.16 วันศุกร์ ,สุชิน,เบิกเพิ่ม ตัวกั้นช่องรีเจค 1 อัน ,NT3,ฝากพี่ลินครับ ,2083241519,10:52 สุชิน 15/08/2024 (2083241519) SCB ถนนสรงประภา (ดอนเมือง) NEWTON 3//N19H01-B09694 นับตกรีเจค + นับเกิน+ตัวกั้นธนบัตรหัก โทร.02-9283510 คุณประภัสสร เบิกเพิ่ม ตัวกั้นช่องรีเจค 1 อัน ฝากพี่ลินครับ  
2024.08.16 วันศุกร์ ,สุชิน,,,,,10:52 สุชิน รูป  
2024.08.16 วันศุกร์ ,<€Aee€>,,,,,10:54 <€Aee€> รูป  
2024.08.16 วันศุกร์ ,REE©H,เบิกตัวอ่านบัตร 1อัน ส่งเคอรี่ ,,ส่งเคอรี่ ,1083241602,11:23 REE©H K 16/8/2024 (1083241602) กสิกร ชื่อ-นามสกุลพนักงาน : สุกัญญา ผาจันทร์ รหัสพนักงาน : 716485 ฝ่ายงาน/สาขา : บางยี่ขัน Tel. : 0854861208 อุปกรณ์ : เครื่องไม่อ่านบัตร Computer Name : อาการเสีย/Error ไม่อ่านบัตร INCS000000493128 เบิกตัวอ่านบัตร 1อัน ส่งเคอรี่  
2024.08.16 วันศุกร์ ,Gapp,"เบิก ถ่านเม็ดกระดุม2 เปลี่ยน1,สำรอง1 ",NT3,ฝากพี่แหม่มครับ ,2083241511,11:40 Gapp 15/08/2024 (2083241511) SCB พระพุทธบาท (สระบุรี) NEWTON 3//N20F01-B25760 ไม่นับ โทร.081-7108215 คุณสุทัศ เบิก ถ่านเม็ดกระดุม2 เปลี่ยน1 สำรอง1 ฝากพี่แหม่มครับ  
2024.08.16 วันศุกร์ ,tam,เบิกแผ่นไม้ระบาและหัวเข็มที่ผม ส่งซ่อม ส่ง ลงอุดรธานีครับ ,PASSBOOK,ลงอุดรธานีครับ ,2083241534,12:04 tam 15/08/2024 (2083241534) กสิกร สาขาหนองคาย ระบบงาน passbook // RHS-T12-126656 อาการ ไม่ปริ้นรายการ พนักงาน พิมพ์สมร อุดรเขต โทร 0842638841 INCS000000492590 เบิกแผ่นไม้ระบาและหัวเข็มที่ผม ส่งซ่อม ส่ง ลงอุดรธานีครับ  
2024.08.16 วันศุกร์ ,tam,,,,,12:04 tam รูป  
2024.08.16 วันศุกร์ ,สมเดช,เบิกบอร์ดแสดงผล ลงพิษณุโลกครับ ,KUPPU,ลงพิษณุโลกครับ ,108A240201,12:35 สมเดช 02/08/2024 (108A240201) Non-Bank คุณเป็นหนึ่ง แม้นเหมือน KUPPU K303-06158 ขึ้น No Water 080-5995454 104/10 ถ.ศรีถมอรัตน์ ต.ในเมือง อ.เมือง จ.พิษณุโลก *รบกวนติดต่อเพื่อนัดวันเข้าด้วยค่ะ* เพิ่มหน้าจอไม่ติด เบิกบอร์ดแสดงผล ลงพิษณุโลกครับ  
2024.08.16 วันศุกร์ ,ชีวิตคือ...(ทรงวุฒิ),เบิก Power supply JB-3008 1 ตัว ***และสายเชื่อมต่อ Power suply กับ บอร์ดควบคุมมอเตอร์ ,JB3008F,,1086241607,12:51 ชีวิตคือ...(ทรงวุฒิ) Kbank 16/8/24 1086241607  : 1316 - เลิงนกทา ยโสธร  : ปัญหา : เครื่องนับธนบัตรเปิดไม่ได้ 88131602 ** เบิก Power supply JB-3008 1 ตัว ***และสายเชื่อมต่อ Power suply กับ บอร์ดควบคุมมอเตอร์ @Patwut (นุ) @สมยศ  
2024.08.16 วันศุกร์ ,ชีวิตคือ...(ทรงวุฒิ),,,ลงโพนทอง ,,12:53 ชีวิตคือ...(ทรงวุฒิ) ส่ง ลงโพนทอง  
2024.08.16 วันศุกร์ ,BOY,เบิกอย่างละ 1 กระป๋อง แปรง 1 อัน ลงอู่ทอง ,,ลงอู่ทอง ,,13:14 BOY เบิกอย่างละ 1 กระป๋อง แปรง 1 อัน ลงอู่ทอง  
2024.08.16 วันศุกร์ ,BOY,,,,,13:14 BOY รูป  
2024.08.16 วันศุกร์ ,สมเดช,เบิก หลอดcisสีเหลือง+สายจอแยก ลงพิษณุโลกครับ ,,ลงพิษณุโลกครับ ,208B241602,13:14 สมเดช 16/8/2024 208B241602 Scbสุโขทัย นับตกรีเจคขอเลขงานครับ N22H20-B57260 เบิก หลอดcisสีเหลือง+สายจอแยก ลงพิษณุโลกครับ  
2024.08.16 วันศุกร์ ,สมเดช,เบิกแปรงปัดฝุ่น2อัน ลงพิษณุโลกครับ ,,ลงพิษณุโลกครับ ,,13:15 สมเดช เบิกแปรงปัดฝุ่น2อัน ลงพิษณุโลกครับ  
2024.08.16 วันศุกร์ ,Smuch,เบิก ชุดเฟืองกลอตลับผ้าหมึก 1 ไม้ระบา 2 ไว้สำหรับสำรองเปลี่ยนให้ลูกค้าครับ ลงเชียงใหม่ครับ ,,ลงเชียงใหม่ครับ ,,13:18 Smuch เบิก ชุดเฟืองกลอตลับผ้าหมึก 1 ไม้ระบา 2 ไว้สำหรับสำรองเปลี่ยนให้ลูกค้าครับ ลงเชียงใหม่ครับ  
2024.08.16 วันศุกร์ ,KH,เบิก power ครับ ลงบ้านโป่ง ,CM800H-DC,ลงบ้านโป่ง ,2087241610,13:41 KH 16/8/2024 (2087241610) Non-Bank สหกรณ์นิคมท่าแซะ จำกัด CM-800H /32305043 เสียบปลั๊กแล้วเครื่องเปิดไม่ติด โทร.0810794151 คุณแตง เบิก power ครับ ลงบ้านโป่ง  
2024.08.16 วันศุกร์ ,Dome,เบิกตัวจ่ายไฟ ส่งเคอรีครับ ,NTV,ส่งเคอรีครับ ,2086241424,13:50 Dome Kbank 14/8/24 2086241424  : 0481 - ถนนสุขุมวิท นาเกลือ  : ปัญหา : เครื่องนับธนบัตรไม่ดูดนับเงิน ช่องบริการ 1 แคชเชียร์ N14J08-PD4345 เบิกตัวจ่ายไฟ ส่งเคอรีครับ  
2024.08.16 วันศุกร์ ,หลุยส์,เบิกหัวเข็ม รีบเองครับ ,PASSBOOK,,2083241542,14:14 หลุยส์ 15/8/2024 (2083241542) กสิกร สาขาโรบินสัน สมุทรปราการ ระบบงาน passbook // RHS-T12-130310 อาการ ปริ้นตัวหนังสือ พนักงาน วารีพร ทองอ้อยอิ้ม เบอร์ติดต่อ : 0927583537 INCS000000492815 เบิกหัวเข็ม รีบเองครับ  
2024.08.16 วันศุกร์ ,โค้ช..ISC,,,ลงสระแก้วครับ ,2086241624,14:15 โค้ช..ISC ขอเลขแจ้งซ่อมktb สาขาศรีรองเมือง เครื่องts-300a S:n/1811017 สายพานขาด 16/8/24 2086241624 เบิวสายพานตามภาพสำรอง5เส้น ส่ง ลงสระแก้วครับ  
2024.08.16 วันศุกร์ ,โค้ช..ISC,,,,,14:15 โค้ช..ISC รูป  
2024.08.16 วันศุกร์ ,tam,เบิกเซ็นเซอร์ hopper และตัวครอบเซ็นเซอร์ hopper ส่ง ลงอุดรธานีครับ ,NTV,ลงอุดรธานีครับ ,1086241320,14:19 tam Kbank 13/8/24 1086241320  : 0110 - อุดรธานี  : ปัญหา : เครื่องโปรยไม่ได้ และเซ็นเซอร์ปั่นเองตลอด   Newton v เบิกเซ็นเซอร์ hopper และตัวครอบเซ็นเซอร์ hopper ส่ง ลงอุดรธานีครับ  
2024.08.16 วันศุกร์ ,tam,,,,,14:19 tam รูป  
2024.08.16 วันศุกร์ ,Apiyut,เบิก ลูกปืนกดธนบัตร 2 อัน Jb-4001 ลงภูเก็ต ,JB4001,ลงภูเก็ต ,1086241507,14:36 Apiyut Kbank 15/8/24 1086241507  : 0494 - ห้าแยกฉลอง ภูเก็ต  : ปัญหา : ไม่สามารถนับเงินได้ 18090556 เบิก ลูกปืนกดธนบัตร 2 อัน Jb-4001 ลงภูเก็ต  
2024.08.16 วันศุกร์ ,Apiyut,,,,,14:36 Apiyut รูป  
2024.08.16 วันศุกร์ ,อุทาน,เบิกปุ่มกดรีเซ็ต 2อัน ส่ง ลงนครสวรรค์** ,CM800H,ลงนครสวรรค์** ,2086241617,14:40 อุทาน 16/8/24 2086241617 SCB เทสโก้โลตัส แม่สอด (ถนนสายเอเชีย) ตาก เหนือล่าง หทัยทิพย์ 055506890/0811729136 CM-800H C1620331 กดปุ่มรีเช็ตไม่ได้ ** เบิกปุ่มกดรีเซ็ต 2อัน ส่ง ลงนครสวรรค์**  
2024.08.16 วันศุกร์ ,สมเดช,เบิกตลับผ้าหมึกktb1กล่อง ลงพิษณุโลกครับ ,PASSBOOK,ลงพิษณุโลกครับ ,2085241605,15:06 สมเดช @PB 2085241605 กรุงไทย พรหมพิราม SN.RHS-S92-199029 ผ้าหมึกใช้ไม่ได้ โทร 0840757113 คุณสุพัตรา ขอเคลมผ้าหมึกค่ะ เบิกตลับผ้าหมึกktb1กล่อง ลงพิษณุโลกครับ  
2024.08.16 วันศุกร์ ,Ripp,เบิกสายจอแยก เบิกบอร์ดอินเตอเฟด ,NT3,ฝากพี่แหม่มครับ ,1082241602,15:42 Ripp 16/8/2024 (1082241602) SCB สาขา บิ๊กซี มหาชัย จ.สทุทรสาคร NEWTON3 // N19H01-B09715 อาการ จอแยกไม่แสดงผล / นับตกรีเจก   CM800H // C1620650 อาการ นับขาด โทร. 0806257846 คุณหนึ่งฤทัย เบิกสายจอแยก เบิกบอร์ดอินเตอเฟด ฝากพี่แหม่มครับ  
2024.08.16 วันศุกร์ ,Mhoowhan.33,,,,,18:05 Mhoowhan.33 Mhoowhan.33 ออกจากกลุ่ม  
2024.08.17 วันเสาร์ ,Praymanut,เบิกตัวอ่านบัตรประชาชน 1ตัวครับ ,Card Reader,ฝากพี่แหม่มครับ ,2083241610,11:33 Praymanut 16/8/2024 (2083241610) กสิกร สาขาเซ็นทรัลลาดพร้าว ระบบงาน Smart Card Reader อาการ ไม่อ่านบัตปรระชาชน พนักงาน : นุชนาถ ลมเชย Tel. : 0969252965 INCS000000493580 เบิกตัวอ่านบัตรประชาชน 1ตัวครับ ฝากพี่แหม่มครับ  
2024.08.17 วันเสาร์ ,สุเมธี,เบิก หัวเข็ม 1 ลงโคราชครับ ,PASSBOOK,ลงโคราชครับ ,2087241702,12:59 สุเมธี สังข์สีแก้ว 17/8/67 ขอเลขซ่อมแจ้งผ่านช่าง กสิกรไทย โลตัส ปากช่อง Compuprint SP-40Plus S/N RHS-T12-117862 หัวเข็มหัก (2087241702) @สุเมธี สังข์สีแก้ว เบิก หัวเข็ม 1 ลงโคราชครับ  
2024.08.17 วันเสาร์ ,กิ๊กจ้า,เบิก การ์ดลีดเดอร์ 1 ตัว ,SCR,ฝากแหม่มครับ* *17/8/67 ติดตามงานค่ะ รบกวนปิดงานให้ด้วยค่ะ* ,2087241414,13:41 กิ๊กจ้า 14/8/2024 (2087241414) TTB บางรัก SCR-3310 / 53312203235524 Card Reader ไม่อ่านบัตรประชาชน โทร.089-4843425 Montri Muenphothong INC0287490 *รบกวนช่างแจ้งวันเข้าสาขามาที่แผนก Admin ทันทีนะคะ ว่าจะเข้าดำเนินการภายในวันไหน เพื่อทำการ ส่ง Mail ตอบกลับสำนักงานใหญ่* *ปิดงานภายในวันที่ 16/8/67* * เบิก การ์ดลีดเดอร์ 1 ตัว ฝากแหม่มครับ* *17/8/67 ติดตามงานค่ะ รบกวนปิดงานให้ด้วยค่ะ* @All  
2024.08.17 วันเสาร์ ,AKARAPONG.,เบิกSWING CELL ครับ ,NTA,ฝากริน ,1086241610,16:03 AKARAPONG. AK. 16/8/24 1086241610 Non-Bank บริษัท เจริญเลิศคลองหลวง จำกัด / เจริญเลิศรังสิต ปทุมธานี K.อาย 0992245442 NEWTON-A N19G01-A02719 โปรยติด ที่อยู่ 41 ซอยรังสิต-ปทุมธานี 8 ต.ประชาธิปัตร อ.ธัญบุรี จ.ปทุมธานี 12130 เบิกSWING CELL ครับ ฝากริน  
2024.08.17 วันเสาร์ ,Patwut,เบิกหัวเข็มไปผมรบกวนช่วยรีบ ส่งกลับมาให้ด้วยนะครับ ขอบคุณมากครับ ,,ส่งกลับมาให้ด้วยนะครับ ขอบคุณมากครับ ,,17:20 Patwut (นุ) @All ช่างที่ เบิกหัวเข็มไปผมรบกวนช่วยรีบ ส่งกลับมาให้ด้วยนะครับ ขอบคุณมากครับ  
2024.08.17 วันเสาร์ ,Praymanut,เบิก หัวเข็ม 1หัวครับ ,PASSBOOK,ฝากพี่แหม่ม ,2083241710,21:04 Praymanut 17/8/2024 (2083241710) กสิกร สาขาถนนรัชดาภิเษก (สุขุมวิท-พระรามที่ 4) ระบบงาน passbook อาการ ปริ้นชื่อขาดหายไม่ครบ พนักงาน ปัญจรัตน์ คงศร เบอร์ติดต่อ : 0854860416 INCS000000494120 เบิก หัวเข็ม 1หัวครับ ฝากพี่แหม่ม  
2024.08.18 วันอาทิตย์ ,Praymanut,เบิก จอแยกและสายจอแยก 1ชุดครับ ,NTV,ฝากพี่แหม่มครับ ,2086241801,10:41 Praymanut Kbank 18/8/67 2086241801 ---รายละเอียดเอกสาร---  : 0769 - จตุจักรพลาซ่า  : เครื่อง นับเงิน มีเสียงดังมากๆๆขณะเครท่องทำงาน หน้าจอ แสดงผล ก็เสียใช่งานไม่ได้ ช่อง2 ผู้นำทีม (Task Manager): ทีมงานสาขา-งานซ่อมสาขา(ภาค01) วันที่มอบหมายงาน: 18-Aug-2024 เวลา 10:31:08 Newton+V เบิก จอแยกและสายจอแยก 1ชุดครับ ฝากพี่แหม่มครับ  
2024.08.18 วันอาทิตย์ ,สุชิน,เบิก บอร์ด Driver จำนวน 1 อัน ,,ฝากพี่ลินครับ ,2086241803,12:12 สุชิน Kbank 18/8/67 2086241803 ---รายละเอียดเอกสาร---  : 0762 - ไอที สแควร์  : เครื่องโปรยธนบัตรเค้าเตอร์เตี้ย ธนบัตรติด โปรยไม่ได้ ผู้นำทีม (Task Manager): ทีมงานสาขา-งานซ่อมสาขา(ภาค03) วันที่มอบหมายงาน: 18-Aug-2024 เวลา 11:29:07 PD 2208 แจ้ง User คุณ อนันต์ เข้า 20/8/67 เบิก บอร์ด Driver จำนวน 1 อัน ฝากพี่ลินครับ  
2024.08.18 วันอาทิตย์ ,Gapp,เบิกอะไหล่(ตามรูป) ,PASSBOOK,ฝากพี่แหม่มครับ ,2083241802,14:20 Gapp 18/8/2024 (2083241802) กสิกร สาขา เซ็นทรัล เวสต์ ระบบงาน passbook อาการ ไม่ดึงกระดาษ เบอร์ติดต่อ : 0972966263 พนักงาน ธันวาเสนีย์วงศ์ ณ อยุธยา INCS000000494399 เบิกอะไหล่(ตามรูป) ฝากพี่แหม่มครับ  
2024.08.18 วันอาทิตย์ ,Gapp,,,,,14:20 Gapp รูป  
2024.08.18 วันอาทิตย์ ,สมภพ,เบิก. power 1ตัว(N-132) ตัวกั้นธนบัตรด้านขวา1ชุด (newton-v) ลงบุรีรัมย์ครับ ,NTV,ลงบุรีรัมย์ครับ ,2087241801,15:26 สมภพ ขอเลขแจ้งซ่อม ธ.กรุงไทย คูเมือง N-132.8B68797 เปิดไม่ติด Newton-v ตัวกั้นธนบัตรหัก (2087241801) @สมภพ เบิก. power 1ตัว(N-132) ตัวกั้นธนบัตรด้านขวา1ชุด (newton-v) ลงบุรีรัมย์ครับ  
2024.08.18 วันอาทิตย์ ,คุณ.ทรงพล,เบิกชุดเฟืองหมุนผ้าหมึก 1 ชุดครับ ส่ง ลงอุบลครับ ,PASSBOOK,ลงอุบลครับ ,1083241312,17:51 คุณ.ทรงพล 13/08/2024 (1083241312) กสิกร สาขาถนนชยางกูร อุบลราชธานี ระบบงาน passbook // RHS-T12-117575 อาการ ไม่ปริ้นรายการ พนักงาน : จุฑามาศ เยาวนิจ Tel. : 0910174253 INCS000000489957 ปิดงานก่อน 2024-08-14 09.30* เบิกชุดเฟืองหมุนผ้าหมึก 1 ชุดครับ ส่ง ลงอุบลครับ  
2024.08.18 วันอาทิตย์ ,คุณ.ทรงพล,,,,,17:51 คุณ.ทรงพล รูป  
2024.08.18 วันอาทิตย์ ,THERDSAK.W.,เบิก. ชุดเฟืองผ้าหมึก 1 ,PASSBOOK,,2083241711,18:49 THERDSAK.W. 17/8/2024 (2083241711) กสิกร สาขาเดอะมอลล์ บางแค ระบบงาน passbook // RHS-T12-128282 อาการ หัวเข็มหัก พนักงาน : กันนชิสา เท้งวัฒนะ Tel. :0820258246 INCS000000494133 เบิก. ชุดเฟืองผ้าหมึก 1  
2024.08.18 วันอาทิตย์ ,THERDSAK.W.,,,,,18:49 THERDSAK.W. รูป  
2024.08.19 วันจันทร์ ,อ้วน,เบิก รีเจต 2 อัน*** ,NTV,,2086241806,07:25 อ้วน Kbank 18/8/67 2086241806 ---รายละเอียดเอกสาร---  : FX1924 - 999 อาคารผู้โดยสาร ชั้น 2 ห้องเลขที่ T1ME2-14  : เครื่องตรงนับธนบัตร ใช่งานไม่ได้ ตรวจนับสกุล usd cny eur reject 3เครื่อง ผู้นำทีม (Task Manager): ทีมงานสาขา-งานซ่อมสาขา(ภาค02) วันที่มอบหมายงาน: 18-Aug-2024 เวลา 15:50:07 pd3445+pd3546+pd5619 ***ไม่มีคนรับสายพรุ้งนี้*** *** เบิก รีเจต 2 อัน***  
2024.08.19 วันจันทร์ ,อ้วน,,,,,07:25 อ้วน รูป  
2024.08.19 วันจันทร์ ,สุชิน,เบิกจอแยก 1 จอ สาย 1 เส้น ,NTV,ฝากพี่ลินครับ ,1086241901,09:25 สุชิน Kbank 19/8/24 1086241901  : 0593 - สำนักแจ้งวัฒนะ เมืองทองธานี  : จอแสดตัวเลขเครื่องโปรย ไม่แสดงตัวเลข ช่อง3 PD8769 เบิกจอแยก 1 จอ สาย 1 เส้น ฝากพี่ลินครับ  
2024.08.19 วันจันทร์ ,คุณ.ทรงพล,เบิกไมระบา1 อันครับ ส่ง ลงอุบลครับ ,,ลงอุบลครับ ,1087241903,09:27 คุณ.ทรงพล 19/8/67 ธนาคารกสิกรไทย สาขาศรีสะเกษ COMPUPRINT Rhs-T12-126833 ไมระบาชำรุด (ขอเลขแจ้งซ่อมครับ (1087241903) @คุณ.ทรงพล เบิกไมระบา1 อันครับ ส่ง ลงอุบลครับ  
2024.08.19 วันจันทร์ ,Patwut,เบิกแล้วครับ ช่างท่านใดที่ เบิกไปแล้วช่วย ส่งกลับมาให้ด่วน!ด้วยนะครับ ขอบคุณครับผม.. ,,ส่งกลับมาให้ด่วน!ด้วยนะครับ ขอบคุณครับผม.. ,,09:53 Patwut (นุ) @All รบกวนช่างทุกท่านช่วยเช็คดูว่าใครมี...BOARD CARD READER (เครื่องรูดบัตรประชาชน)ของ KBANK และ BANK TTB.มีติดตัวอยู่บ้างไหมครับ ตอนนี้ทางSTOCK ไม่มีBOARD จะ ส่งให้กับช่างที่ เบิกแล้วครับ ช่างท่านใดที่ เบิกไปแล้วช่วย ส่งกลับมาให้ด่วน!ด้วยนะครับ ขอบคุณครับผม..  
2024.08.19 วันจันทร์ ,กอล์ฟ,เบิกพัดลม 1 ตัว ลงสุราษฎร์ครับ ,AKEBONO,ลงสุราษฎร์ครับ ,1087241504,10:14 กอล์ฟ ศรีเทพ 15/8/2024 (1087241504) SCB 0787 เวียงสระ SP-757 / 0202010860 ขณะรัดธนบัตรมีควันออกจำนวนมากและมีกลิ่นไหม้ โทร.077-361028-9 0880034362 คุณปิยะมาศ แก้ววิรัช 175322685 *รับแจ้งจากสนญ.Scan QR Code ทุกครั้งหลังซ่อมเรียบร้อยแล้ว* *ปิดงานภายในวันที่ 19/8/67* เบิกพัดลม 1 ตัว ลงสุราษฎร์ครับ  
2024.08.19 วันจันทร์ ,สุเมธี,เบิก สายจอแยก 2 เส้น ลงโคราชครับ ,NTV,ลงโคราชครับ ,1086241905,10:57 สุเมธี สังข์สีแก้ว Kbank 19/8/24 1086241905  : 0188 - ปากช่อง  : เครื่องโรยเงิน จอแสดงจำนวนเงินเครื่องนับธนบัตร ไม่แสดงยอด เคาร์เตอร์2 PD8732 เบิก สายจอแยก 2 เส้น ลงโคราชครับ  
2024.08.19 วันจันทร์ ,Jiew_Allnew,เบิกอะไหล่ตามภาพ 2สำรอง1 ,NTV,ฝากพี่อ้น ,1086241603,11:10 Jiew_Allnew Kbank 16/8/24 1086241603  : 0438 - ศรีมโหสถ  : ปัญหา : เครื่องนับธนบัตรใช้งานไม่ได้ค่ะ ช่องบริการที่ 1 ค่ะ 88130952 PD9174 เบิกอะไหล่ตามภาพ 2สำรอง1 ฝากพี่อ้น  
2024.08.19 วันจันทร์ ,Jiew_Allnew,,,,,11:10 Jiew_Allnew รูป  
2024.08.19 วันจันทร์ ,T,เบิก Smart Card 1ตัวครับ ,Card Reader,ฝากแอ้ ,1083241909,11:31 T Tee 19/08/2024 (1083241909) กสิกร สาขา ถนนบางนาตราด กม.18 ระบบงาน Smart Card Reader อาการ ไม่อ่านบัตรประชาชน ช่อง3 พนักงาน : ยุวลี รัตรี Tel. : 0854861057 INCS000000494936 เบิก Smart Card 1ตัวครับ ฝากแอ้  
2024.08.19 วันจันทร์ ,Dome,เบิกเพิ่มลูกยางตามภาพ ,,ฝากพี่อ้นครับ ,,11:35 Dome เบิกเพิ่มลูกยางตามภาพ ฝากพี่อ้นครับ  
2024.08.19 วันจันทร์ ,Dome,,,,,11:35 Dome รูป  
2024.08.19 วันจันทร์ ,Pakorn,เบิก โซลินอยด์ ลงราชบุรี ,AKEBONO,ลงราชบุรี ,2086241631,11:37 Pakorn ขอเลขซ่อม scb lotusบ้านโป่ง akebono ไม่ตัดสาย 16/8/24 2086241631 เบิก โซลินอยด์ ลงราชบุรี  
2024.08.19 วันจันทร์ ,Pakorn,เบิก รอนสัน1 โซเน็ค1 แปรงปัด1 ,,,,11:59 Pakorn เบิก รอนสัน1 โซเน็ค1 แปรงปัด1  
2024.08.19 วันจันทร์ ,Pakorn,,,,,12:00 Pakorn กระดาษทรายมีมั้ยครับ ถ้ามีเอา1แผ่น  
2024.08.19 วันจันทร์ ,ชาติชาย,,CM800H,ลง 999 ชุมแพขอบคุณครับ ,1087241605,12:09 ชาติชาย ทินจอง 16/8/2024 (1087241605) SCB ชุมแพ CM-800H /C1620099 ไม่ปั่น โทร.043312491 คุณรุ่งฤดีเปิดจอตัวหลักตามรูปพร้อมน้ำมันรอนสัน+โซนิคอย่างละ 1 ป๋องอะไหล่ ส่ง ลง 999 ชุมแพขอบคุณครับ  
2024.08.19 วันจันทร์ ,ชาติชาย,,,,,12:09 ชาติชาย ทินจอง รูป  
2024.08.19 วันจันทร์ ,ชัชชัย,เบิกสายเชื่อมต่อ y108 1เส้นครับ ,PASSBOOK,ฝากแหม่ม ,1085241912,12:14 ชัชชัย 19/08/2567 (1085241912) KTB ถนนเจริญนคร Compuprint RHS-S92-197544 ตัวหนังสือทับกัน. โทร 0840755176 คุณแสงสุ เบิกสายเชื่อมต่อ y108 1เส้นครับ ฝากแหม่ม  
2024.08.19 วันจันทร์ ,หลุยส์,เบิก แหล่งจ่ายไฟ+ชุดลูกยางรับ ส่ง ,JB-3008F+,ฝากพี่นุครับ ,2085241914,12:27 หลุยส์ 19/8/2567 (2085241914)ขอเลขงานซ่อม ttb. เมกาบางนา เครื่อง jb3008f+ s/n16111769 อาการ หน้าจอค้าง+นับติด จอตอนma เบิก แหล่งจ่ายไฟ+ชุดลูกยางรับ ส่ง ฝากพี่นุครับ  
2024.08.19 วันจันทร์ ,Jiew_Allnew,เบิกสมาทการ์ด ของ ลงสระแก้ว ,Card Reader,ลงสระแก้ว ,1083241908,12:50 Jiew_Allnew 19/08/2024 (1083241908) กสิกร สาขาวังน้ำเย็น ระบบงาน Smart Card Reader // RR512-012004 อาการ ไม่อ่านบัตรประชาชน พนักงาน : อัญวีณ์ วรนิธิศพัฒน์ Tel. : 085 4863041 INCS000000494849 *ปิดงานก่อน 2024-08-20 10:40* เบิกสมาทการ์ด ของ ลงสระแก้ว  
2024.08.19 วันจันทร์ ,wootipong,เบิกสาย USB (เส้นเก่า) 4 * ส่ง ลง99ธาตุพนมครับ* ,PASSBOOK,ลง99ธาตุพนมครับ* ,1089241604,12:53 wootipong 16/8/2567 (1089241604) KTB เซกา บึงกาฬ ตะวันออกเฉียงเหนือ 0840758032 วงเดือน Passbook RHS-S92-197743 ปริ้นแล้วสลิปติด - เบิกสาย USB (เส้นเก่า) 4 * ส่ง ลง99ธาตุพนมครับ*  
2024.08.19 วันจันทร์ ,สมภพ,เบิก โอลิ้ง. 4 เส้น แปรงปัดฝ่น 1 อัน ลงสุรินทร์ครับ ,NT3,ลงสุรินทร์ครับ ,1085241910,13:04 สมภพ 19/08/2567 (1085241910) SCB เทสโก้โลตัส สุรินทร์ พลาซ่า NEWTON 3 N20J01-B30525 ลูกยางหลุด โทร 044515798/0899209941 คุณอรุณี เบิก โอลิ้ง. 4 เส้น แปรงปัดฝ่น 1 อัน ลงสุรินทร์ครับ  
2024.08.19 วันจันทร์ ,wootipong,เบิกครับ ,,,,13:11 wootipong ยกเลิก เบิกครับ  
2024.08.19 วันจันทร์ ,tam,เบิกอะไหล่ตัวจ่ายไฟ ส่ง ลงอุดรธานีครับ ,K2,ลงอุดรธานีครับ ,2087241907,13:52 tam ขอหมายเลขแจ้งซ่อม เซเว่นสาขาตลาดไทยศิริ อุดรธานี KISAN K2 N20D01-T27861 ไฟไม่เข้าเครื่อ (2087241907) @tam ] เบิกอะไหล่ตัวจ่ายไฟ ส่ง ลงอุดรธานีครับ  
2024.08.19 วันจันทร์ ,อ้วน,เบิกจอแยกพร้อมสาย 1 ชุด** ,NT3,,2083241912,13:54 อ้วน 19/08/2024 (2083241912) SCB เซ็นทรัลพลาซา บางนา NEWTON 3//N18I03-B01266 จอแยกไม่ติด โทร.093-5029832 คุณเกตสุดา *** เบิกจอแยกพร้อมสาย 1 ชุด**  
2024.08.19 วันจันทร์ ,AKARAPONG.,,,,,14:01 AKARAPONG. AK. รูป  
2024.08.19 วันจันทร์ ,AKARAPONG.,"เบิก แผ่นใสครอบ Sensor และ Sensor Stacker นอก,ใน ตามรูป ",NTV,ฝากรินคับ ,1086241902,14:01 AKARAPONG. AK. Kbank 19/8/24 1086241902  : 0484 - ตลาดไท  : ปัญหา : เครื่องโปรยเงิน ขึ้น error ใช้งานไม่ได้ เค้าเตอร์ 2 PG5211 นัด User ไม่เกิน 20/8/67 ครับ เบิก แผ่นใสครอบ Sensor และ Sensor Stacker นอก ใน ตามรูป ฝากรินคับ  
2024.08.19 วันจันทร์ ,ชัชชัย,เบิกลูกยางตามภาพ ,,ฝากแหม่มครับ ,2086241701,14:16 ชัชชัย Kbank 17/8/67 2086241701 ---รายละเอียดเอกสาร---  : 0710 - โลตัส พระรามที่ 4  : ปัญหา : มีเสียงดังเวลานับธนบัตร ช่อง 2   สถานที่ : สาขาโลตัสพระรามที่ 4 ผู้นำทีม (Task Manager): ทีมงานสาขา-งานซ่อมสาขา(ภาค02) วันที่มอบหมายงาน: 17-Aug-2024 เวลา 13:06:12 เข้าภายใน 19/8/67 Userรับทราบ @ชัชชัย สนญ.สอบถามเวลาเข้า วันนี้เข้าได้กี่โมง แจ้งกลับหน่อยค่ะ เบิกลูกยางตามภาพ ฝากแหม่มครับ  
2024.08.19 วันจันทร์ ,ชัชชัย,,,,,14:16 ชัชชัย รูป  
2024.08.19 วันจันทร์ ,AKARAPONG.,เบิก ULTRA SONIC SENSOR ตัวใน (SOCKET ขาว) ,NTV,ฝากรินคับ ,1086241906,14:21 AKARAPONG. AK. Kbank 19/8/24 1086241906  : 1394 - สามโคก ปทุมธานี  : ปัญหา : เครื่องโปรยเงิน ใช้งานไม่ได้ ปั่นแล้วติดตลอด พอปั่นต่อตก Reject ขึ้น R-12 Double ทั้งหมด ต้องปิดเครื่องเปิดใหม่ เปิดมาก็เป็นเหมือนเดิม **ขอด่วนมากค่ะ เครื่องที่สาขามีน้อย**** PD4255 User ไม่รับสาย ไม่เกิน 21/8/67 ครับ เบิก ULTRA SONIC SENSOR ตัวใน (SOCKET ขาว) ฝากรินคับ  
2024.08.19 วันจันทร์ ,wootipong,เบิกหน้าจอตามรุป 1 * ส่ง ลง99ธาตุพนมครับ* ,K2,ลง99ธาตุพนมครับ* ,2086241920,14:25 wootipong KTB เซกา บึงกาฬ K2//N17B01-T082727 อาการ.Erro.ขอเลขแจ้งซ่อม 19/8/24 2086241920 - เบิกหน้าจอตามรุป 1 * ส่ง ลง99ธาตุพนมครับ*  
2024.08.19 วันจันทร์ ,wootipong,,,,,14:25 wootipong รูป  
2024.08.19 วันจันทร์ ,AKARAPONG.,,,,,14:36 AKARAPONG. AK. เพิ่ม ซี่ STACKER ซ้าย ขวา 1 คู่ ครับ  
2024.08.19 วันจันทร์ ,AKARAPONG.,,,,,14:37 AKARAPONG. AK. รูป  
2024.08.19 วันจันทร์ ,อ้วน,,,ฝากเอ้ก็ได้ครับ ,,14:42 อ้วน ถ้าไม่เจอm ฝากเอ้ก็ได้ครับ  
2024.08.19 วันจันทร์ ,aon,เบิก ตัวอ่านบัตร ,Card Reader,,2043241805,14:52 aon i am 18/8/2024 (2043241805) กสิกร สาขาบิ๊กซีฉะเชิงเทรา2 ระบบงาน Smart Card Reader // RR512-012415 อาการ ไม่อ่านบัตรประชาบน พนักงาน : สุกัญญา ผาจันทร์ Tel. : 0854861208 INCS000000493128 เบิก ตัวอ่านบัตร  
2024.08.19 วันจันทร์ ,aon,,,,,14:53 aon i am รูป  
2024.08.19 วันจันทร์ ,max,เบิกเคาน์เตอร์เซ็ต 1 ปุ่มรีเซ็ต1 สำรอง2 ลงทุ่งสงครับ ,CM800H,ลงทุ่งสงครับ ,2087241704,15:21 max (เด็กใต้นิ) 17/8/2024 (2087241704) SCB 5125 โลตัสทุ่งสง CM-800H / 03666 เครื่องปั่นธนบัตรค้าง/ไม่ปั่น โทร.0822831404 คุณโศจิวรรณ ทองเกลี้ยง 175498855 *รับแจ้งจากสนญ.Scan QR Code ทุกครั้งหลังซ่อมเรียบร้อยแล้ว* *ปิดงานภายในวันที่ 20/8/67* เบิกเคาน์เตอร์เซ็ต 1 ปุ่มรีเซ็ต1 สำรอง2 ลงทุ่งสงครับ  
2024.08.19 วันจันทร์ ,T,เบิก จอ TFT 1ตัว แกนเลื่อนหูกั้นข้างซ้าย 1ตัว สาย AC สำรอง 3 เส้น ,NTV,ฝากแอ้ครับ ,2084241903,15:28 T Tee 19/08/2024 (2084241903) @T Tee ขอรหัสซ่อม ลูกค้าแจ้งผ่านทางช่าง 19/8/67 KBANK ถนนบางนา-ตราด กม.18 NEWTON V N15A01-PD9122 จอหลักไม่แสดงผล แกนเลื่อนหูกันข้างซ้ายหัก เบิก จอ TFT 1ตัว แกนเลื่อนหูกั้นข้างซ้าย 1ตัว สาย AC สำรอง 3 เส้น ฝากแอ้ครับ  
2024.08.19 วันจันทร์ ,aon,เบิก สาย ac ครับ ,,,1086241911,15:29 aon i am Kbank 19/8/24 1086241911  : 1011 - โรบินสัน ฉะเชิงเทรา  : ปัญหา : เครื่องนับธนบัตรเล็ก (โรยเงิน) สายขาด เบิก สาย ac ครับ  
2024.08.19 วันจันทร์ ,T,,,,,15:29 T Tee รูป  
2024.08.19 วันจันทร์ ,aon,เบิก รอนสัน 1 แป ลง.ทำความสะอาด1 ,,ลง.ทำความสะอาด1 ,,15:29 aon i am เบิก รอนสัน 1 แป ลง.ทำความสะอาด1  
2024.08.19 วันจันทร์ ,Gapp,เบิก ปุ่มรีเซ็ตครับ ,CM800H,,1087241701,17:04 Gapp 17/8/2024 (1087241701) SCB 5392 โลตัสโรจนะ(อยุธยา) CM-800H / C1620249 ปั่นเงินเสร็จเครื่องไม่อ้าธนบัตร กดปุ่ม Reset เพื่อเปิดออก ก็กดไม่ได้เครื่องไม่เปิด โทร.035330580 คุณอัมพร โรจน์บุญถึง 175494896 *รับแจ้งจากสนญ.Scan QR Code ทุกครั้งหลังซ่อมเรียบร้อยแล้ว* *ปิดงานภายในวันที่ 29/8/67* เบิก ปุ่มรีเซ็ตครับ  
2024.08.20 วันอังคาร ,aon,เบิกชุดลูกกลิ้ง ทั้งเครื่อง. ครับ ,,,1086241909,08:20 aon i am Kbank 19/8/24 1086241909  : 0137 - พนมสารคาม  : เครื่องโปรยธนบัตร ช่อง1 ขึ้นข้อความตามภาพค่ะ เบิกชุดลูกกลิ้ง ทั้งเครื่อง. ครับ  
2024.08.20 วันอังคาร ,aon,,,,,08:20 aon i am รูป  
2024.08.20 วันอังคาร ,noptana:-),เบิกถ่าน 4ก้อนครับ ,NT3,,2085241920 sn?,08:59 noptana:-) เบิกถ่าน 4ก้อนครับ 19/08/2567 (2085241920) SCB โลตัส บางใหญ่ NEWTON 3 N20J01-B30539 นับแล้วติดตลอด โทร 0922833719/024592130 คุณเยาวลักษณ์
